table_count,cluster_health,data_volume,job_complexity,historical_runtime,expected_runtime,executors,executor_memory,cores_per_executor,driver_memory
52,degraded,468,medium,148.18018129570487,72.70583264705611,9,1,2,5
93,critical,93,high,298.87565539543795,210.4514247220967,6,15,1,3
15,critical,217,low,27.246754971511425,184.88147096545217,9,12,5,3
72,healthy,909,medium,10.918676088403505,189.50755376259056,6,9,5,15
61,degraded,399,medium,195.6575103522909,282.8242569099553,6,15,1,6
21,healthy,323,high,96.54612458494424,235.01434451411873,2,12,2,8
83,healthy,31,high,79.7108927228503,47.10170810841712,8,8,5,2
87,healthy,419,low,100.45073320124133,110.7770539033025,3,12,7,4
75,healthy,904,medium,84.25379388043675,136.26415739096333,7,13,3,11
75,degraded,524,low,18.929114401529876,124.82886073680542,5,3,1,7
88,healthy,136,medium,291.7445822932707,204.09949665694495,3,6,7,1
24,degraded,818,low,74.01619165130671,268.64899994440316,1,11,4,1
3,degraded,709,high,222.86863115089884,98.75492442160852,8,3,2,12
22,critical,883,medium,231.15295446131083,170.04436956214383,3,13,1,13
53,degraded,23,low,279.4846454220965,238.92873235493983,2,12,5,10
2,critical,980,high,18.85934255708019,130.7032370651513,1,4,2,7
88,degraded,987,high,262.8940181496322,58.7542572357958,4,1,3,14
30,degraded,21,low,162.89559244354206,147.735779926487,8,5,2,7
38,degraded,96,medium,193.4377918900901,26.014531015478255,3,1,2,1
2,critical,533,medium,196.89638036509976,283.2912016606603,1,13,3,1
64,critical,918,high,247.74136344557098,31.69814950654218,4,1,6,4
60,healthy,546,medium,106.68812342614204,137.15244742266765,9,10,3,5
21,critical,310,medium,222.58484505939808,163.66556571567259,1,15,7,5
33,critical,252,medium,163.28765181943714,295.7381113633128,2,11,2,4
76,critical,131,high,240.08426414855083,58.146328856429626,9,11,3,8
58,critical,156,low,297.2583495033387,43.185140397583986,2,14,6,7
22,healthy,576,medium,68.18879504709076,12.524782648137638,3,7,7,9
89,critical,759,high,298.4481060523994,55.11571669209767,7,12,1,7
49,degraded,365,high,36.04552474200446,70.1091639296236,3,6,3,15
91,degraded,694,low,10.67208889239602,192.86847305909677,9,2,3,10
59,critical,913,medium,22.806961491571066,73.71496921350612,6,14,2,1
42,critical,742,medium,109.11689737366089,15.95103627150431,3,11,7,13
92,degraded,640,low,193.5428358967459,249.7193201957217,9,12,1,14
60,degraded,318,low,30.018566857476394,116.02275329115037,1,2,4,7
80,healthy,704,high,11.643086213574508,112.57203910841284,3,11,4,1
15,degraded,297,high,281.75639825305046,97.71891845869871,1,7,5,7
62,degraded,316,low,248.3587244225796,292.85825037246207,2,1,3,10
62,critical,821,medium,244.66311963031902,59.33347101969163,8,13,3,8
47,degraded,603,high,266.48303989557337,270.48903854643817,7,2,1,11
62,healthy,975,high,213.00993910391028,235.2729663205675,2,12,6,9
51,degraded,923,medium,40.27719762694362,32.179187094800795,2,8,4,12
55,critical,732,high,125.73905454137969,296.1514394352461,9,6,5,3
64,critical,671,medium,219.71335107474255,88.69612942631306,6,15,1,15
3,degraded,558,medium,91.29699362954106,38.58904883649958,5,14,3,4
51,critical,361,medium,209.3478455995089,250.50112789647025,6,2,4,4
7,healthy,321,low,17.10454999761918,214.93590476653296,9,7,7,12
21,healthy,882,low,98.77982885508203,188.99345370459122,7,4,5,9
73,degraded,68,low,169.24779752038006,55.23445047269062,9,2,2,13
39,degraded,652,medium,193.30605055681025,148.76387371422894,4,12,4,7
18,degraded,933,medium,177.34179269395415,236.361247797292,2,6,5,3
4,critical,723,low,212.34932006129455,98.05094206171367,8,11,1,10
89,healthy,764,high,11.76573698955333,100.39005026936202,4,15,2,5
60,healthy,44,medium,39.27294799348123,10.910862753955413,9,9,5,7
14,critical,454,high,261.9938331609521,60.53058647716007,4,11,5,8
9,healthy,102,high,207.70710678614677,263.867631285332,8,9,3,1
90,degraded,959,medium,42.75017637894328,138.10648257493506,9,14,6,12
53,degraded,968,medium,254.20158684558797,295.42800477798585,9,8,4,2
2,degraded,216,high,80.2470531691244,124.75530943639984,4,15,3,7
84,healthy,362,high,148.6953664166148,217.40407188626995,1,3,7,11
92,degraded,912,low,52.106988736551486,91.75652244237145,3,3,2,15
60,critical,341,low,215.93191636229494,115.50479593087071,9,2,6,13
71,critical,826,medium,203.38778209413766,65.31053640135946,4,5,5,14
44,healthy,871,low,71.22261663817949,110.64808686482455,5,14,3,13
8,critical,734,low,260.38622238853054,168.6988809219865,7,12,6,15
47,critical,168,low,126.37874702371653,297.61413548398235,5,14,7,2
35,healthy,963,low,94.82937641051512,202.61849679081783,4,4,4,7
78,degraded,966,high,54.17558094471528,67.78132677841108,2,7,7,15
81,degraded,33,medium,87.18872362950586,23.03881806154983,2,4,2,9
36,degraded,413,low,16.38780715490693,46.64337958120807,4,9,1,11
50,healthy,814,high,179.1446728122735,173.14100836918374,9,12,3,2
4,critical,525,high,254.2469164397449,231.89649535686223,8,12,2,7
2,degraded,741,high,169.20433033807612,282.72157011721663,3,2,1,4
6,degraded,373,low,73.58944895792396,14.588719879078038,9,11,3,11
54,healthy,391,low,19.76406168202309,161.60044105294224,5,14,2,13
4,degraded,541,medium,72.24214124505282,146.55153330472126,3,6,7,2
54,healthy,965,low,130.6752141406168,200.25595637295416,5,15,2,13
93,critical,161,low,230.28731432294097,172.27786779494917,4,7,6,7
63,healthy,571,high,64.4744272359545,209.24135366891937,8,4,7,13
18,healthy,698,medium,218.73952147285897,200.8439495772652,5,13,3,5
90,healthy,956,low,261.4107058220462,43.9334002088044,8,6,2,1
44,healthy,617,low,141.64458595142355,241.91819494942868,9,7,5,5
34,critical,626,high,248.21527757635207,45.73744695773421,4,4,3,12
74,critical,429,high,170.85063093017772,212.57388131064977,7,15,2,12
62,degraded,259,low,194.75634275346243,130.68215661577597,2,8,6,3
14,critical,126,medium,162.62075349807878,159.0167130272134,6,9,1,7
95,critical,875,medium,144.32008785788912,271.95642416895606,8,1,1,6
48,degraded,521,high,78.04949811499631,268.0662806773111,7,7,5,8
15,critical,749,high,97.92627724370335,247.17832863995858,7,9,3,13
72,healthy,587,low,94.09133449364661,157.94303033233373,8,15,6,5
78,healthy,344,high,173.35378997660627,223.5095449388116,7,12,2,2
87,degraded,427,low,44.786570976928076,158.74014610045472,5,10,2,9
62,degraded,941,medium,275.86959030367717,262.18576391768545,7,5,1,14
40,degraded,783,medium,218.98999213210286,126.80499163754097,3,12,6,11
85,healthy,304,low,126.41923296482615,291.3682498803143,5,2,7,8
80,critical,947,high,56.001001912649606,280.3735998863745,7,10,5,6
82,healthy,764,medium,265.7777292192744,225.0647596410178,9,6,1,13
53,degraded,380,high,248.8956461293379,91.03060641106087,2,12,1,10
24,critical,195,medium,219.299250287982,48.179540750044936,4,12,5,7
26,critical,255,low,88.74864374926028,257.86400052702726,7,7,3,9
89,healthy,646,low,126.70952485576399,57.93766298000877,1,2,2,7
60,degraded,277,low,39.796993211202775,257.73562880922736,2,2,3,3
41,healthy,652,medium,64.8214621709842,152.32185194658453,9,10,6,6
29,critical,246,high,237.07482482185253,127.90146730435022,7,15,7,11
15,healthy,539,high,217.36122846669832,271.92532586198445,7,14,4,13
45,healthy,561,high,182.11087126302107,185.1167849366806,6,12,4,11
65,degraded,30,medium,269.76075051859016,177.21806206761815,3,10,4,7
89,degraded,920,medium,179.14729016578318,172.04212394107532,3,1,5,2
71,critical,746,medium,145.4207199894471,117.63915964566411,2,4,1,3
9,healthy,876,medium,108.70751642867118,237.83650002344692,6,7,7,4
88,healthy,803,medium,282.73006666349005,83.31154876457417,4,14,3,10
1,healthy,529,high,33.98748384206252,282.2795384119698,5,9,2,6
8,critical,109,medium,279.95733789763443,269.25570946361864,3,15,4,1
88,critical,761,medium,249.7472513799953,107.86929444572047,6,3,3,9
63,degraded,487,high,47.679678115353376,221.54449325118247,3,12,4,5
11,degraded,608,medium,173.84546372582352,176.23472639038152,8,11,7,13
81,degraded,307,high,261.2989147072352,107.91829757977803,9,7,4,12
8,healthy,949,high,175.82465744607458,296.67127791867955,4,7,2,14
35,healthy,535,low,273.0879482525805,17.31883029599662,9,7,6,7
35,degraded,343,low,283.46530687665233,83.26734888017313,7,2,6,9
33,healthy,11,low,132.4915114334487,160.82147772223362,3,6,7,9
5,degraded,384,low,119.42096180783385,161.36637100878352,7,2,6,1
41,critical,302,medium,281.5331346510555,180.7905917342136,1,6,5,15
28,degraded,846,low,205.79061773340374,227.9860898866466,3,13,1,1
7,critical,943,high,43.646577590969095,190.80857085059594,6,10,5,3
73,healthy,562,medium,22.264607274577546,184.08162355313073,4,3,3,6
72,degraded,327,low,173.7424247892063,25.519194244782554,7,14,5,2
12,healthy,511,high,279.7495799771431,119.1937834588965,3,2,3,10
34,critical,837,medium,254.83212369768734,77.29616451333524,1,12,3,12
33,critical,390,medium,205.99584647465755,86.95733236457288,9,15,1,11
48,critical,632,low,50.34359617841538,170.7578675587,6,14,2,1
23,healthy,23,medium,83.72710128712171,67.85654132958645,8,6,7,1
62,healthy,513,high,263.8982557002587,95.24523929490029,3,2,1,13
88,healthy,240,medium,63.01409863050113,78.75456547002862,8,5,7,5
37,healthy,994,high,90.74742839262602,285.0658535332765,2,2,6,4
99,critical,93,medium,47.58418884667817,283.9530623296176,4,3,6,1
44,critical,139,low,206.07138711017922,186.883051992855,3,3,5,4
86,degraded,752,high,283.7548685553308,278.111515932251,1,6,3,3
91,degraded,847,medium,88.00072916266193,237.88566718582823,7,6,4,2
35,healthy,154,medium,147.86791627652138,181.08488601252455,2,10,4,9
65,critical,900,medium,193.95852451624924,11.866211334070757,4,3,7,14
99,critical,866,high,299.8452119825329,234.02972296302718,9,3,3,15
47,critical,37,high,40.39433884929591,213.72161906065597,6,13,7,11
78,degraded,75,high,154.58553185665565,188.42355945190005,8,12,1,1
3,degraded,172,low,121.68483477172502,230.52305038791678,2,13,2,7
1,critical,238,low,261.087847914483,158.74742778468206,7,1,1,14
5,critical,270,high,148.03064199338021,214.18414868318834,6,7,3,13
90,critical,458,medium,42.18348212969295,281.19990515068304,9,13,3,4
14,degraded,433,low,193.98300213310927,118.98345459536502,7,8,2,5
27,critical,469,high,233.52637929652514,215.35533212118136,1,2,7,10
9,critical,961,medium,10.835562983028233,147.94946722317803,8,4,5,5
79,healthy,685,low,259.0974387719825,205.57589902605466,3,10,5,1
15,healthy,310,medium,63.946670001643035,231.2390673107656,2,7,2,6
90,degraded,928,medium,170.10011574947958,23.18122512638083,3,8,5,13
42,critical,312,medium,130.58127519936053,197.51412874511195,6,1,4,9
77,critical,296,medium,218.69960681705382,75.75494347801393,3,4,5,2
51,healthy,404,low,117.63686828786513,204.30943596419436,5,6,5,7
63,degraded,19,low,262.23132123769614,145.81575392080592,6,3,5,6
96,healthy,716,low,221.84394467804916,234.3302951408173,8,5,4,5
52,healthy,639,high,197.83681960824723,45.786236409622965,7,10,7,4
96,healthy,279,low,240.90977271322774,191.63348198029658,8,9,5,4
4,healthy,601,medium,228.66668012923085,90.75651138899018,3,11,6,6
94,critical,979,low,20.422215727250467,257.3647786458715,4,13,4,4
23,critical,614,medium,124.47296261500016,279.2312166345292,6,3,2,5
15,healthy,787,high,279.93411622178206,298.95550516692606,7,5,1,13
43,degraded,853,medium,46.4600380077456,240.84214670391216,9,8,2,6
29,degraded,871,medium,223.75799962529487,228.58288042412133,1,6,1,5
36,degraded,370,medium,292.6316252872456,72.49522007158981,8,4,2,7
13,degraded,266,high,25.137602423041773,107.44204710713153,8,8,6,9
32,healthy,142,low,207.83622538171704,145.04793711106106,6,11,1,10
71,critical,285,low,145.76470097729882,234.28050385685242,4,3,1,7
59,degraded,785,high,177.96082405866943,275.3401008726109,3,3,3,7
86,healthy,692,medium,34.748987580454205,64.85033900666554,3,4,1,4
28,degraded,981,low,22.47201604141245,277.48657055432983,6,9,1,1
66,degraded,522,high,203.39133155976728,211.73114918267683,8,5,3,14
42,healthy,322,low,248.7597346480082,187.1235118986612,7,8,5,8
45,critical,585,high,236.7844471305605,67.95396867176245,1,6,5,4
62,critical,895,medium,167.70366108120885,26.10225951465366,6,3,3,1
57,healthy,989,low,38.96137812949167,174.85482056730257,7,15,4,5
6,critical,293,high,209.53288871244402,198.9395481653788,7,8,1,14
28,healthy,130,low,80.14777623070232,71.12662031285959,9,12,1,14
28,healthy,116,low,274.20992380254125,171.37229968938234,5,9,3,8
44,healthy,942,low,253.09695426825442,258.3830868011463,1,8,3,4
84,critical,696,low,215.72106045534335,252.1691241819558,2,13,4,13
30,healthy,213,high,285.1653271910278,278.9330023700262,4,4,6,12
62,degraded,174,medium,19.11232823826915,116.10688477149533,5,14,5,8
75,critical,314,high,223.49812326762097,102.23437603976642,9,14,2,8
92,critical,506,high,105.77040600755754,227.3335417344345,1,13,6,3
89,critical,641,high,272.7591068490459,135.02259747813144,3,11,7,9
62,critical,565,medium,87.3358070319735,35.389112568056376,5,6,5,3
97,degraded,833,low,220.20838480135495,92.01232789444492,3,1,1,1
1,critical,165,low,264.5176356987266,131.38886280413186,4,4,7,2
27,critical,376,low,22.080477330977903,94.82976338811308,3,8,6,15
62,healthy,728,medium,125.31779808169047,106.33961557472327,4,1,3,6
77,critical,911,low,231.0696192863622,95.19501279057332,1,3,4,12
3,degraded,629,medium,141.92647795720026,22.03475848309304,8,1,5,10
70,degraded,260,low,87.50326264014264,194.75746323908834,4,9,4,2
72,degraded,966,low,73.74355115872511,183.2148019025061,7,2,7,6
27,degraded,925,high,48.14029740574959,199.48121455881738,2,9,5,14
9,critical,891,medium,258.56757235832185,65.76986984975196,2,13,6,1
62,critical,343,high,176.85306694295124,95.73981706762073,6,4,1,11
37,degraded,651,high,32.151634047522236,189.68861881402748,2,2,2,13
97,degraded,978,high,120.94829383548428,183.8919948533772,6,4,4,1
51,critical,520,medium,116.64275873348187,156.83578971273766,2,12,4,5
44,degraded,302,medium,62.70436530574427,111.61984250295725,4,11,2,10
24,healthy,29,low,136.29721138693532,274.74999138466006,7,11,4,13
79,degraded,291,high,106.30881596400957,108.53337026666469,8,10,4,11
59,degraded,806,low,109.12307459273293,142.12955536680298,3,6,5,9
32,healthy,10,high,224.317701758508,206.65301097672054,9,15,5,14
96,healthy,128,medium,74.74638179650692,167.4762149513616,2,11,2,8
88,critical,44,medium,196.13938806805308,110.59693314567181,8,7,7,3
52,critical,207,medium,175.48839092547112,136.33698923238785,8,3,1,15
62,healthy,494,high,174.74682857798152,240.39943717751677,4,3,6,3
58,healthy,766,medium,202.272130381115,90.65745509111761,1,12,6,15
52,critical,68,high,169.03079049673966,51.25401953527647,1,10,7,1
12,degraded,846,low,264.98398330545155,100.81732853063535,2,12,4,14
39,healthy,170,high,205.91822666557533,256.36492249149137,9,8,1,3
2,critical,700,low,168.61934289770255,35.807017308340534,2,5,2,15
3,degraded,215,high,250.63130488341702,297.59186127801104,2,4,7,14
56,healthy,21,low,185.78250383070912,166.89084068902213,6,7,2,12
81,degraded,499,medium,94.43183185770191,295.60526575045725,7,7,5,12
59,critical,285,low,70.05752627120566,282.3089624049335,7,13,4,12
2,healthy,702,medium,54.17505784217685,141.31597712116587,9,9,3,13
2,degraded,251,medium,270.84201163836946,67.56241163555123,6,9,2,11
92,healthy,225,low,215.9392752214391,57.81658520389015,8,5,7,1
54,degraded,260,high,281.83974706765304,79.59691552228767,6,13,4,8
87,critical,820,high,184.95462365733349,215.9384657637158,2,12,1,1
96,critical,135,high,147.28625563352463,89.15549847213147,1,13,7,5
97,healthy,226,high,27.317781801557903,109.01332818524651,5,8,5,9
1,degraded,315,high,204.77626164834865,140.14585315843829,9,10,6,7
19,healthy,806,medium,178.84054033278704,274.83747732222236,8,1,1,4
2,healthy,194,high,297.1605791404102,64.92409118660537,4,9,2,11
53,degraded,48,medium,79.35604555685048,11.457700256842903,5,8,2,9
44,degraded,232,medium,163.91383303318239,27.427959009669344,5,6,1,9
90,degraded,193,medium,198.77762718424106,272.3822390872342,6,13,2,2
32,critical,504,low,196.93144067527965,197.7797748045753,3,3,7,10
70,healthy,436,low,172.7751274550368,89.18177960506397,5,3,4,10
32,healthy,187,medium,235.30912299489538,61.38582529324542,2,8,2,11
68,critical,928,low,69.44455076277677,95.33735362476315,1,5,5,12
55,degraded,437,high,220.4318880795806,43.29110890287123,1,10,4,6
75,critical,303,high,189.72302571559587,283.04454398248794,7,11,7,4
56,critical,861,medium,269.86178242042627,237.4197905659274,2,14,3,8
17,critical,160,high,255.68638731973869,144.0934413046368,4,7,2,12
38,healthy,393,medium,101.39264134844045,260.8391554834086,5,5,2,11
24,critical,647,medium,90.1088242427944,82.34287924503737,7,8,5,7
69,healthy,822,high,294.6794639172099,217.96496485693612,2,10,7,7
98,healthy,317,low,162.9069024654244,258.2784247139856,6,10,5,11
70,healthy,345,high,272.8620795351867,113.46292637074906,1,4,6,10
86,degraded,955,high,57.52549689633984,229.66468918070814,7,2,7,9
11,healthy,755,medium,196.41748529205054,95.57098128664971,9,3,1,13
16,healthy,901,medium,244.85945433457,96.66856922511893,5,8,1,5
97,degraded,384,medium,284.7446223800696,41.04658178071396,5,15,1,6
73,healthy,17,medium,107.82864089493681,137.61683348772561,4,11,5,1
59,critical,350,low,220.2445392779752,221.61645288425245,3,13,1,6
70,critical,138,low,166.2557726214895,282.6640336156726,9,7,7,2
80,healthy,785,low,27.582388559275774,185.10112765943785,5,13,1,6
93,degraded,678,medium,210.09992381959358,260.3093059433643,8,2,3,9
3,critical,361,medium,210.1280018889746,248.52344829416586,9,6,1,8
20,degraded,367,medium,279.87597340549576,60.269485362831446,5,9,2,9
59,degraded,526,low,154.220609389002,150.88705438466312,9,15,6,13
36,critical,504,medium,76.77276700604925,43.90782530236353,2,4,5,15
19,degraded,95,high,22.923508800116956,207.82441685287415,9,9,4,10
90,critical,184,high,130.53623413891265,285.47090379136205,4,2,6,8
67,degraded,811,medium,97.55584302247553,49.75594284283938,6,2,3,3
19,critical,202,high,230.71560874692392,222.826107932737,6,9,5,8
20,healthy,320,high,112.73765180390352,193.34906375167967,6,12,7,6
96,critical,128,low,285.23064693130476,179.24546073234893,2,7,5,13
71,critical,227,medium,289.06995886645745,123.13486805961837,7,7,2,6
52,critical,436,medium,190.06349116313532,112.98817784860564,6,1,7,6
33,critical,979,low,279.31148323431603,23.12226481547748,1,13,6,3
40,degraded,423,high,230.64775990920373,73.19352539308392,2,11,6,10
39,healthy,123,high,168.5892958827866,14.4012958631798,7,6,1,1
82,critical,987,medium,62.289301272605655,178.61096061878595,1,13,7,12
1,degraded,154,high,142.9934036190136,40.69743840459357,1,7,2,14
11,healthy,547,low,172.6535943751591,263.17562426861764,1,11,1,4
92,healthy,657,low,260.54885841315297,161.7114760021779,8,14,1,10
57,healthy,312,medium,149.5866791953428,212.91007362702544,4,6,5,12
89,healthy,753,low,270.3256550766074,129.14855663374396,4,6,6,6
50,critical,890,low,205.561203916806,172.5681446103041,2,2,1,11
23,critical,597,medium,49.7297282855647,283.3711613203228,1,6,3,12
31,degraded,996,low,298.54459710427693,33.992871490864516,9,4,3,10
94,degraded,849,low,162.89747161863465,83.64195385787188,7,9,6,2
42,degraded,354,low,123.63890595863288,236.19661480405784,4,15,3,7
99,healthy,823,high,201.14299169616268,38.633789995973096,6,12,5,7
7,healthy,973,medium,41.57906105450133,31.941720132192145,2,1,2,11
16,critical,810,medium,194.59620755847277,114.84700563867119,7,13,4,4
90,healthy,10,medium,154.48844014478917,36.72870795700537,2,8,1,4
60,healthy,156,high,127.9354802995891,179.6727482397989,8,5,4,15
2,healthy,296,high,286.3758061418808,75.61982273681394,8,1,2,1
1,degraded,985,medium,161.53651785229545,269.752409327818,1,4,2,13
48,degraded,663,high,73.54406904628215,237.21502344512444,8,1,5,2
12,critical,62,medium,143.0994090194166,212.9145097688481,2,6,3,9
69,healthy,313,high,276.62234732607504,188.91376794150557,6,2,3,10
37,healthy,78,low,61.06768668587245,260.40506179902434,1,15,2,8
32,critical,370,low,72.04754121958871,74.68799784739949,5,5,5,8
9,healthy,611,medium,13.778574649554287,263.201564401626,7,7,5,9
99,healthy,967,high,14.115114324772481,238.95276654297518,1,2,6,15
19,degraded,229,high,250.52357181796864,226.9666396524288,2,6,7,7
48,critical,971,low,222.31555598445718,172.76414664172796,7,6,1,13
80,critical,713,low,112.9619063710679,81.41080668147403,6,5,7,9
3,critical,975,high,212.5102355959961,132.82889563764994,3,5,3,10
20,critical,584,high,124.60971862989136,240.13548981625246,2,14,2,12
24,degraded,594,high,286.34007083936996,19.215760463624086,4,3,6,2
54,degraded,170,high,290.4452776135501,236.7947230864899,3,15,4,6
33,healthy,690,high,123.91019498470958,79.62051474139429,7,10,3,15
24,healthy,98,high,257.7243528388517,51.84966820926488,8,15,1,3
75,healthy,697,medium,234.1958220922652,43.55338227228763,2,10,5,11
72,healthy,790,high,99.8999817798189,17.90250346573638,7,11,2,15
36,degraded,594,low,77.29155038132073,161.84008071422133,8,12,3,6
38,critical,766,medium,142.88804861392182,73.29536308118155,6,2,4,3
84,degraded,598,high,236.59116377817782,296.93521207609314,6,7,1,8
99,healthy,168,low,288.4486575713362,176.58665920293967,1,1,1,15
89,degraded,498,medium,231.43792997130603,49.986728113243025,4,6,6,11
99,critical,980,low,258.0100256553273,209.74113683529595,1,6,3,15
25,critical,333,high,184.8886487894498,270.34563428782036,4,3,4,13
93,degraded,619,high,252.2682709442165,226.10205365718818,2,2,1,4
18,degraded,390,high,237.4820488209911,32.16755970143983,5,12,2,12
82,degraded,111,high,119.32580715862123,269.8064125458713,9,2,1,10
66,healthy,503,medium,170.0771876150091,240.23952189938979,3,14,4,6
54,degraded,653,medium,243.37840537701152,55.90813103062816,8,13,5,15
35,degraded,623,low,23.356452915087345,25.01790773251689,3,9,5,9
80,degraded,28,high,244.34299188319068,171.62006684114945,6,11,6,2
61,critical,463,low,61.5875559742168,55.2503852885933,4,5,3,2
41,critical,491,medium,159.2582489652173,252.0313762526289,8,7,4,7
33,healthy,603,high,244.3998774712219,113.91705043478538,6,12,6,15
68,healthy,406,high,83.60811266544151,274.73880897360687,8,5,7,2
33,critical,288,medium,81.28415739878437,174.04956992089166,1,7,1,2
14,critical,860,medium,126.80167555405305,62.97499142950376,6,13,7,4
21,critical,374,medium,269.44641129751403,50.48367153434203,1,4,1,9
48,degraded,340,medium,10.128406616790286,177.17700689174862,1,8,5,8
20,degraded,650,medium,271.40109802616115,230.94624744010872,8,13,6,2
8,critical,353,high,54.604037146066254,236.63663784523283,7,11,5,8
7,degraded,831,medium,297.1250490595698,89.96964728797157,3,14,2,4
67,degraded,464,high,286.90562798115576,69.23156008452857,6,10,7,2
17,healthy,610,high,153.45580498147217,14.8593283027909,9,13,7,11
33,critical,734,medium,158.68887186566215,206.9677538483391,7,11,5,10
48,critical,664,medium,149.64930867999774,32.204794945726306,3,10,2,7
76,degraded,74,high,194.27865724126156,132.02074851211847,6,7,1,6
59,critical,85,medium,36.30929364813,184.48782756530588,4,10,6,14
86,healthy,720,medium,19.459205019054288,281.76159402670635,3,15,2,10
22,healthy,152,medium,26.73384924061067,100.4226197171729,9,5,6,5
30,healthy,926,low,138.86595128003918,82.43392710949074,2,11,7,11
38,critical,924,high,89.90890237365018,199.70644474296853,1,6,6,1
51,critical,837,low,190.3914730875882,189.57931929553868,2,5,7,2
54,critical,614,medium,297.8082639186859,106.31183715935613,7,7,2,8
8,critical,482,low,122.03372019217511,279.1495322978381,1,12,7,1
27,critical,426,medium,176.4139636903089,255.0100749719935,6,2,3,3
27,healthy,314,low,130.5251298131273,74.95493830087354,7,5,7,2
98,degraded,745,medium,255.7087836393392,79.35133817601172,9,15,5,5
21,healthy,506,low,271.64855700404905,158.5671005972534,8,10,2,4
30,critical,300,low,264.4331275395254,234.3359095019089,6,15,1,13
97,healthy,949,low,292.5679492169847,22.771710022654673,3,3,6,7
28,critical,111,high,17.980563690720434,211.06719458306495,8,9,4,5
64,critical,995,low,253.546687022204,197.98841024080812,7,13,2,8
97,healthy,276,high,228.01393018133706,77.1292278147666,3,6,5,4
69,critical,876,medium,76.32137872610579,207.59237383999115,9,13,7,15
61,degraded,977,low,287.332827082383,282.65312546310395,2,10,6,12
48,critical,631,medium,52.97159918668419,23.56789504181287,3,3,3,6
19,degraded,983,medium,207.06947886883344,102.69909603469813,2,7,1,4
4,degraded,851,low,75.21816287661461,137.07124783324304,1,4,3,2
35,critical,971,high,135.10038814448166,270.78550408816,4,14,4,1
64,healthy,951,low,218.556370113925,289.05581951665545,5,3,2,14
49,degraded,786,medium,173.36414618958352,138.79342148393636,6,8,6,14
17,healthy,12,medium,133.9755310851524,227.50823952123545,5,13,2,1
44,degraded,94,low,104.6381449702763,164.18169689170006,1,4,5,8
92,critical,803,high,253.5013001555492,165.95705107499919,3,11,2,14
30,critical,337,high,51.706161591295974,90.64885936924337,1,1,1,4
93,degraded,825,medium,134.72983419364203,72.91731130052506,5,6,4,5
46,critical,459,medium,272.08969581479124,93.52155031797193,5,10,3,11
6,degraded,463,high,255.29636963339064,171.335122104553,6,11,4,8
99,critical,933,low,126.27311111718355,18.45500394640581,8,11,6,12
37,healthy,638,medium,231.30142544437942,273.1021938633577,1,1,2,15
24,critical,230,high,248.7166409055692,55.3222757694351,4,5,6,7
93,healthy,163,medium,267.7773529610526,73.82571629270211,1,7,3,13
46,critical,674,low,167.9066730242761,160.30009116981745,9,15,6,8
53,healthy,21,high,69.29365695586642,215.933282237811,7,6,5,13
95,critical,142,medium,84.03963218614018,37.76142587587522,7,14,4,8
99,healthy,313,low,95.75145547206522,102.13146228867703,5,2,3,6
60,degraded,302,medium,182.2027194347885,290.9156356165636,7,11,3,10
97,degraded,984,low,19.514790997296448,86.07946036647425,2,4,7,2
63,healthy,309,low,194.4523159461908,100.78454206831259,4,11,3,6
85,critical,749,high,115.66272914418728,252.58456227922971,7,15,7,14
32,healthy,792,low,95.62012272199622,24.56218519023202,3,2,1,1
87,critical,52,medium,265.0540055111567,144.73781895460155,2,11,7,1
33,degraded,953,low,143.40069471843168,120.08886169098437,2,1,4,11
67,critical,352,low,37.56538320448091,101.81016037350884,1,15,6,3
18,degraded,335,high,249.75656272761165,92.85288227298172,5,3,7,3
25,critical,823,low,23.815964656586914,36.498490409518666,6,3,3,11
95,critical,507,low,220.75727500877701,101.29949051197816,6,15,4,13
54,critical,373,medium,234.43280431349288,22.485196787543885,9,12,7,5
58,healthy,900,high,112.25475571936887,236.47952045688623,4,7,7,1
67,healthy,436,high,249.18847832055815,125.48606024782339,1,1,3,10
46,degraded,30,high,159.5412276983715,138.73211137277437,6,9,5,6
24,degraded,416,low,144.35515944911108,269.1424300705382,5,11,5,7
32,healthy,628,high,23.166951625920838,200.83594531975402,6,6,7,10
47,degraded,345,low,94.10846615818271,12.33713996921474,3,4,5,12
86,healthy,824,low,279.99289155673694,283.52069865877263,2,3,2,13
23,critical,126,medium,123.628949352215,78.77189513353625,6,15,3,11
66,degraded,133,medium,168.5431509614628,41.20811358035907,1,3,2,3
27,degraded,408,medium,164.28628690543303,232.75717173045584,7,2,4,4
2,healthy,802,medium,181.22501604858107,155.13842160134828,7,2,2,10
90,degraded,813,medium,27.785977136551956,135.79346414522507,7,14,4,11
17,degraded,724,low,115.03111389163121,82.35589310799512,1,12,7,10
33,critical,60,low,219.7071994259407,168.7667320600724,4,13,4,14
9,degraded,792,high,68.16247281116505,89.57153550875036,7,10,4,12
43,critical,333,low,69.03772948844453,271.4590715332496,9,5,6,15
48,healthy,798,low,12.92627593981717,72.40929912262591,5,9,2,10
39,degraded,150,medium,136.86975871638083,266.46299363216855,2,2,6,14
93,critical,479,low,265.9929703952924,172.2275734609335,7,2,7,10
42,healthy,796,medium,25.051273640319614,250.2615588296199,1,12,3,10
26,degraded,811,high,65.42442575384075,216.72533879967693,7,6,2,3
99,healthy,343,high,99.92451611939897,212.04158231665707,6,13,3,1
50,degraded,902,low,222.20017360362175,104.06028423156616,7,15,3,8
25,healthy,973,high,195.7843219127501,77.830110126939,3,10,4,13
24,healthy,382,low,130.62373232873796,71.15700602742857,3,2,2,10
13,critical,573,high,230.12999238492895,258.5855805472807,7,12,3,10
60,healthy,503,medium,186.79299338050157,247.9237778751158,2,4,5,2
7,degraded,548,medium,269.85183190059354,137.76632312356912,1,6,3,1
57,degraded,678,medium,247.22775725022098,48.39733791397183,9,5,5,14
36,critical,760,medium,83.31594576586816,120.85315307346293,9,1,2,8
45,degraded,165,low,88.71718751391806,189.6096016997043,7,15,7,7
20,degraded,300,high,46.35337797979183,141.77691479918633,7,6,6,7
65,degraded,657,low,107.71977045806238,236.25488786006855,3,1,2,4
8,healthy,153,medium,299.86773642853734,299.3106184529018,2,3,6,11
16,healthy,115,low,127.66783889836769,65.42830565018008,7,10,6,9
14,degraded,429,high,73.94164605984085,143.298737701276,9,5,2,6
76,critical,679,low,231.12003649791038,134.9853315570384,1,14,3,2
87,healthy,667,high,167.31659100417028,98.30283449719575,4,10,1,14
15,critical,11,low,53.384420362816236,67.44769984888399,6,13,3,1
92,degraded,954,high,120.40000753665107,29.050713782001175,7,5,3,1
98,degraded,598,high,130.19621750640954,267.2646019948725,7,13,7,9
66,healthy,653,medium,228.6106131650734,131.7561223290321,2,10,4,4
32,degraded,99,high,15.994696978652295,154.09970036501417,4,6,4,5
87,healthy,354,medium,88.01569757151003,275.9131939782656,5,15,3,3
63,degraded,359,medium,160.1029273815014,235.12423847962486,1,12,5,4
86,degraded,468,medium,87.96555531132456,47.84536659398342,1,10,7,12
51,healthy,272,low,192.2458737515097,173.9717906062453,3,8,6,8
25,healthy,360,low,149.7415689896388,138.25316019067213,3,5,4,13
58,healthy,117,low,114.89597390927838,241.1912110478412,8,14,3,4
63,degraded,595,low,285.27050179244856,220.02743880746527,9,15,7,9
62,degraded,48,high,193.32625476407264,210.21765935421087,1,11,1,9
22,critical,918,high,47.68299795770295,108.7580022891701,2,1,5,6
58,healthy,168,low,172.4265922585847,243.4394818157838,2,5,2,2
58,degraded,592,high,236.41223742826128,25.193475722509753,4,3,3,12
86,degraded,968,high,215.46201227291124,56.2912214153285,2,4,7,10
49,healthy,321,medium,59.90587649562522,107.3307491635944,7,15,3,11
52,critical,250,medium,292.00179972163,32.274157910091574,9,15,6,7
42,healthy,947,medium,140.15595726651574,78.14834048506056,7,13,5,9
70,critical,454,medium,56.11725108467578,250.74378506939627,6,8,4,6
15,degraded,307,high,62.2567686971629,284.992945959123,1,7,4,3
54,critical,961,low,38.48814773483335,98.33468317451523,9,11,4,14
60,degraded,45,high,243.02025144613094,86.70958315676309,5,5,2,15
97,healthy,93,high,45.38884335333611,91.1688691514638,5,2,7,7
8,healthy,461,high,46.28632457110661,90.53853533174471,6,6,5,5
53,healthy,895,medium,256.6367682806429,20.41975283393217,9,11,5,1
60,critical,784,medium,109.93518448979229,278.8057404360213,8,6,4,3
5,degraded,831,medium,18.94879224934101,71.97246105539523,8,10,4,5
68,healthy,394,low,25.049636860339156,131.80118148360742,8,10,6,7
6,healthy,181,high,51.229429544129715,12.809195994880644,1,14,1,3
96,degraded,385,low,71.88407091294997,258.8069763653666,1,11,1,6
94,healthy,694,medium,202.89239632913757,222.035629891926,8,6,3,5
47,degraded,371,low,55.62462120053019,284.5592502003739,5,14,3,13
99,degraded,568,high,44.47357344135088,236.66848896695572,9,9,5,1
55,degraded,900,high,231.76855102812095,100.97488849509892,2,11,5,10
40,degraded,150,medium,204.60603231937517,81.88327403124286,9,8,2,6
52,degraded,896,medium,136.24402422201848,212.33772919045495,8,8,2,14
16,critical,927,low,169.29983372923016,115.59270475304484,9,1,1,8
13,healthy,127,medium,100.47536589466135,174.2023545682588,4,5,3,13
30,critical,286,medium,149.9251218682546,11.814666597676366,1,7,1,13
19,healthy,735,high,156.93506820499627,27.946853487337822,1,6,1,1
17,critical,229,medium,122.29880864164782,165.25670294267886,5,5,3,2
63,degraded,914,medium,272.9059410949272,174.16077746996788,2,8,7,14
19,healthy,35,high,14.657940844491783,227.92135389320964,8,3,2,15
92,healthy,530,high,236.8296662964614,48.2699426909489,5,6,6,4
58,critical,792,low,46.071021059984055,158.82309428946584,5,15,6,12
55,critical,19,medium,241.28873455578784,66.3898168851897,2,5,6,2
90,healthy,993,high,188.61445554624916,37.02687467318146,7,8,3,11
90,critical,387,low,254.5506463715567,129.0437802775608,8,4,4,9
62,critical,642,low,38.279154435860264,57.3676279458266,1,8,4,10
23,critical,646,medium,172.10438388893448,74.3167736757724,2,10,4,8
9,degraded,691,medium,155.31548527603715,102.0908281621555,4,14,5,8
12,degraded,593,low,214.796023059374,85.2226362155269,5,15,2,4
1,critical,161,high,164.944260049166,35.40147624772446,2,2,2,5
58,critical,729,low,166.81302446860022,36.075711009313665,1,9,7,4
1,degraded,58,medium,134.58282363705877,66.04233041790877,9,13,7,13
34,degraded,163,high,99.56198296212885,24.662164508266297,1,9,5,9
96,healthy,868,high,149.85666476313574,191.67253570630888,4,15,1,13
48,healthy,302,low,44.36278404283617,93.32474778758157,2,14,7,2
89,degraded,589,medium,288.8388683050946,91.12633065303059,4,10,6,13
1,critical,59,low,217.1791214517135,106.2795053289519,8,10,4,11
16,critical,673,low,286.21546383947555,202.2109195208193,8,13,6,8
61,critical,540,low,75.75094087568934,262.48382563021227,9,6,4,2
64,critical,621,high,265.00889585119313,230.13521044113514,5,4,6,1
63,healthy,69,high,244.54909552342616,220.98347676527754,7,4,1,10
69,degraded,176,medium,206.37419961272536,150.4734438242463,3,13,6,3
22,critical,211,medium,191.25846396470968,211.2036115205494,4,6,6,9
93,healthy,866,low,101.7994029276823,170.3010867297391,9,5,3,12
67,critical,155,low,246.75912763985892,72.71265317409339,1,6,6,3
76,degraded,924,low,155.4394838291228,70.49062664490471,2,7,3,9
26,healthy,685,medium,30.558557008472754,95.95368199383219,5,7,2,7
16,degraded,979,high,100.73031664798769,274.1327745812458,3,9,5,13
51,degraded,448,high,281.236158578145,168.7503037101205,2,8,6,10
86,healthy,251,low,256.6972755754054,222.83255933054213,1,13,2,1
57,healthy,590,low,294.75265244219634,110.50204034679881,3,6,7,10
29,healthy,696,low,192.11808095518845,128.23757349291532,1,12,7,5
78,healthy,570,low,81.77792121071947,46.414017804802896,1,6,3,9
92,healthy,492,medium,57.216364406290495,59.67553776828441,1,15,6,12
69,healthy,117,high,64.20518777645387,249.9334008995822,8,14,6,15
47,healthy,235,low,15.740740920703772,179.6032031897758,3,5,1,15
94,critical,682,medium,123.29781218592237,107.88441510630749,1,1,2,3
62,degraded,640,low,65.51402734486733,242.82685060870833,7,9,4,9
69,healthy,670,low,129.3800835324437,81.49077263501506,3,9,4,5
76,critical,986,high,281.148385233242,293.0494825940591,8,9,1,9
16,critical,671,low,134.85666075708508,109.99710624638924,4,15,3,10
90,critical,441,high,264.6155041256021,107.82017670385599,4,11,4,6
90,degraded,814,high,185.59638231860419,100.45445260564452,5,8,4,9
48,healthy,664,high,81.66815085180366,45.4123396180435,6,13,7,7
85,critical,428,medium,113.1978801851713,42.2297727262836,7,10,7,7
39,degraded,997,medium,34.33666538821453,197.95046001489578,4,13,5,8
33,degraded,464,high,106.70415214284304,263.7842329218336,8,3,2,7
94,degraded,169,low,206.48687419602487,239.25094797878532,6,1,3,12
23,critical,532,high,30.9122169495362,50.92120226619181,1,11,6,9
10,healthy,659,low,69.5664084586285,168.21881531969927,1,12,2,11
69,critical,978,high,120.61790200986033,40.621548333225604,9,12,3,9
34,critical,599,low,294.79436573462914,23.13544664779246,6,8,4,6
52,healthy,86,medium,237.60992865807526,200.3518992215825,8,7,5,7
95,healthy,518,low,222.71115648271012,165.1941767673016,7,13,2,2
10,healthy,450,high,43.695377392379335,33.78686871132655,6,5,4,15
19,degraded,263,medium,236.4888091483475,20.13238145773665,4,10,3,9
58,healthy,930,low,237.72795533964438,297.02935988870706,7,7,2,12
96,critical,779,low,184.3197817310552,18.706186323230845,9,10,6,13
1,healthy,329,low,297.2049167795278,138.9131933845463,7,4,2,1
69,critical,812,low,104.32363271812007,156.33951713623173,1,9,4,1
4,degraded,272,low,282.96900999013695,44.011242862129066,9,11,2,3
16,critical,606,medium,275.27202333738603,59.02791574751772,4,10,6,12
24,critical,667,medium,13.329391327319573,112.02345185900222,3,14,5,6
80,healthy,844,medium,140.5337926776952,230.88600410196216,4,2,5,5
2,healthy,563,medium,293.36022758495625,157.05390297747735,4,9,4,15
92,critical,383,high,39.90519509834198,194.99154362035884,2,9,3,2
32,healthy,646,medium,168.85756137116263,295.7006209762957,1,5,4,9
91,degraded,176,low,293.8976770419202,232.72157624083079,1,11,5,14
84,degraded,946,low,171.09367299069945,135.96483446095314,8,1,1,13
24,healthy,762,medium,65.04643786192523,139.46815732099913,2,7,1,10
12,degraded,468,low,178.83313672685102,189.44390234189146,5,10,2,14
50,healthy,289,medium,69.28776644536859,202.95591044148225,4,10,6,4
35,critical,709,low,160.71423623940044,155.20616849263467,8,4,7,4
33,critical,311,high,31.47224319458092,197.00975461634417,2,9,7,5
33,degraded,540,high,185.58997407217734,16.824423380088643,9,6,7,15
61,healthy,589,medium,159.8690823471659,134.5906305300848,7,13,2,8
51,healthy,227,medium,224.6467969408243,90.89204206130826,7,3,1,10
43,degraded,111,medium,192.90313663604766,47.460589120502014,1,6,5,4
12,critical,563,low,169.38581787391942,38.86848871454479,2,13,2,5
67,degraded,297,medium,210.03586628195512,184.92572802825356,4,10,7,12
65,critical,176,high,51.74315493594695,161.84415867425741,4,6,7,4
33,healthy,630,low,182.65430176499518,83.53939392894706,3,5,4,14
40,critical,45,medium,59.912074818605525,146.5755170440292,7,2,7,6
74,degraded,753,low,278.4014402770455,152.7473714028984,8,10,6,12
43,healthy,750,low,29.81689040522522,66.5526043271986,2,10,7,3
44,degraded,362,medium,134.80867741033006,199.10698794567867,4,2,4,8
29,degraded,685,low,211.781268520079,236.46661335196623,3,7,7,6
13,critical,908,high,142.82644138379504,239.5244268579605,2,2,6,10
12,degraded,82,high,36.707623437541685,184.71625090400195,6,12,5,5
95,critical,657,low,170.47991467674512,158.37518893051407,4,6,2,13
46,healthy,362,medium,196.07325355993282,27.692071471564518,6,5,6,15
2,critical,900,low,214.09977018724723,93.4710766669657,2,4,4,2
35,healthy,79,high,118.24534619420008,37.04871956566927,4,7,2,10
87,critical,434,low,173.46139159834104,289.50871665475734,6,8,2,10
81,degraded,717,low,140.6990777322848,49.1732424054706,5,4,4,7
90,critical,790,high,204.8962512381535,54.0148688568196,3,1,1,2
8,critical,570,low,179.23152052419738,267.9772193158427,8,1,7,1
93,healthy,837,low,162.46930367214912,283.7392022081728,7,1,6,7
26,degraded,651,medium,82.3620663830921,232.09042137812386,3,11,4,5
74,critical,965,medium,10.585370146987836,11.567427865074261,6,1,5,1
90,degraded,526,high,60.483685840314486,10.390418577403473,4,5,3,15
34,critical,437,high,43.94915201300891,119.64922323836072,5,4,4,4
7,critical,548,high,140.23457605317455,51.584657303158835,5,13,7,12
68,degraded,169,medium,187.55486372093495,15.331981223963211,7,14,7,13
58,critical,158,high,71.79465251859438,144.57933992730636,5,9,2,4
75,degraded,785,high,282.32655783048426,283.4879502480218,3,15,2,10
29,critical,239,high,11.937817474927456,103.9076767217051,5,3,4,7
36,healthy,721,medium,233.96729439794944,201.730796744322,7,14,3,9
89,degraded,571,low,191.30938316382824,199.1482524084078,5,7,4,2
21,critical,76,high,118.33089230382775,82.81323006289865,5,11,3,12
36,critical,821,low,24.641793879598296,198.62332215892064,9,8,3,14
10,healthy,390,high,191.971105817441,71.57685254319847,3,6,7,1
73,degraded,67,low,121.82791873103794,45.382149937297825,6,12,7,2
24,critical,268,medium,281.51747042983357,213.40115281231013,1,13,7,7
64,healthy,351,medium,167.1771217180321,42.897836960135855,5,10,5,13
99,critical,847,high,282.4989382751174,299.10367339091306,8,13,7,10
49,degraded,139,low,73.94027110725818,63.2011963335665,5,1,6,6
99,critical,736,medium,220.46051400558994,182.3011401993727,9,8,2,4
36,critical,181,high,189.00221604613046,129.29862570965093,6,15,2,1
82,critical,779,high,224.42838665108042,46.65206249764346,8,10,3,13
96,critical,623,medium,72.25368055203566,18.074733197449884,8,3,2,1
24,healthy,218,medium,202.8484097089544,190.59236186492166,3,8,1,5
23,healthy,812,high,154.431713986492,243.95969349884658,7,12,3,15
62,degraded,363,low,225.4192427228317,254.18454183695576,7,4,2,1
96,healthy,480,low,104.84294680402715,149.98690719231098,6,8,1,12
37,healthy,807,low,268.1165373849232,235.4620854828918,7,11,5,15
12,degraded,125,high,34.44738123729161,205.12566871167797,2,1,2,7
55,healthy,273,medium,244.08490244944454,220.03381297474863,9,3,1,13
13,healthy,671,high,259.78269148637634,152.85371151432608,1,6,4,11
23,degraded,821,medium,247.00317029637816,193.68940467021685,1,15,6,1
89,degraded,451,low,158.69065433591504,243.60251493705653,3,15,4,1
99,degraded,557,low,137.13164420892076,125.38641091153669,3,9,1,2
30,critical,462,medium,298.9160630922143,243.73388125159929,1,2,3,13
17,critical,854,medium,76.45986585210701,181.68488440882822,7,11,7,14
62,degraded,486,high,168.59403010405293,58.111297067528014,4,1,7,11
84,degraded,296,low,204.49590236087442,17.158405595129537,2,15,7,12
89,degraded,312,high,213.25161439981528,115.19854411575409,5,10,3,10
86,critical,320,high,69.16715306418783,168.54193520593856,6,3,2,3
13,critical,217,high,199.65828677854236,253.54790213901163,9,4,7,13
59,healthy,627,low,247.3271742795878,46.9708472406714,4,11,4,11
19,healthy,455,high,24.50538727812254,242.05984082823795,2,5,3,15
49,degraded,679,high,274.34117506434177,260.2726233594958,5,3,3,1
12,critical,642,high,18.556175992109722,53.699371230241795,3,13,7,15
61,critical,64,high,113.23159942163436,256.9623525982235,2,10,4,9
19,critical,921,high,14.585826907559,297.5215346744097,1,11,5,10
76,degraded,21,high,32.372098876478745,220.78326100398888,2,2,3,8
9,healthy,666,low,274.2388027022229,237.5832077292465,6,2,7,5
71,degraded,409,high,112.90964091638287,298.3804275920733,8,7,6,13
28,healthy,917,medium,133.18374382326533,185.58956265252417,3,9,1,11
78,healthy,657,high,72.44987060094027,99.28705078471232,9,10,2,2
95,degraded,989,high,183.15777335414873,252.88394188205615,9,2,3,5
52,healthy,524,low,182.492932256559,188.20087547837306,2,7,6,6
83,healthy,665,low,117.93811362931358,178.5466728790774,8,7,6,14
16,critical,551,medium,106.58011282356553,83.5543110990711,5,11,3,15
69,healthy,246,medium,266.63964937237046,229.33693817903713,4,7,5,1
99,degraded,288,low,121.1524294962384,33.68350999942791,5,3,1,11
12,degraded,357,low,153.1152877247784,278.04325053045176,4,12,2,4
25,healthy,636,high,92.15838110322989,104.48880362344057,8,7,3,9
52,critical,113,low,238.16315597356694,47.05464930909723,4,1,2,2
85,critical,639,medium,125.25996550073657,138.28629459970145,6,10,4,5
53,healthy,526,high,158.9472034978541,22.316273684394616,2,1,6,1
23,healthy,989,medium,83.47357931730181,208.54159633684023,5,5,6,4
16,degraded,881,high,296.421281778963,271.7845980291533,6,15,3,4
57,healthy,257,low,94.53376486787964,252.80627207016755,5,2,3,6
39,critical,373,medium,233.51533396261,46.93714729988551,2,9,4,10
53,healthy,330,high,133.97373860346016,46.61862976124224,7,15,5,9
42,degraded,642,high,69.80304747440056,245.8959998740366,4,7,3,3
58,degraded,295,low,241.91844154980976,278.0337396349036,8,4,6,9
39,degraded,158,low,106.74596881842253,143.59425065171186,7,4,2,6
14,degraded,93,low,260.90607074536524,154.70162390499212,7,2,1,7
95,degraded,975,medium,275.42458362616867,102.29599200186051,9,5,7,12
5,healthy,415,high,259.34891226347,269.33688429436006,1,4,2,10
35,healthy,987,low,20.152295293973637,197.02184253478322,6,12,5,2
87,healthy,465,medium,238.3382700514806,93.59295737853687,6,13,1,11
93,healthy,752,medium,129.28844528475173,96.64703260573296,6,1,2,10
75,degraded,809,medium,263.37964685284527,268.44802118844467,6,12,2,14
18,critical,170,low,195.00673617857424,13.953866932688225,7,8,4,6
76,healthy,793,low,251.75650890174794,103.59070609072513,6,3,7,6
9,critical,469,high,154.83521326138225,170.76343755274704,1,14,5,2
74,healthy,559,high,165.1573963336905,52.98306400880414,3,6,6,2
58,healthy,509,low,51.8724133187635,36.708638717881044,2,4,4,14
17,critical,747,medium,237.35633401991308,246.4301360162624,6,9,1,2
7,degraded,518,medium,131.6229873834218,269.3772727080671,8,7,7,10
46,healthy,663,medium,155.02323429875895,248.84586203147495,3,9,6,12
13,healthy,813,high,237.6783370877552,270.64848802383085,8,10,4,1
40,healthy,490,medium,183.6651660230373,170.40247160692775,8,3,7,5
42,critical,672,high,68.31863095837355,245.55485508719914,5,1,5,8
9,degraded,123,high,181.1674711537589,121.37236513341912,8,5,3,2
50,critical,758,medium,128.2135288141002,203.21767982892115,6,3,3,13
27,critical,587,medium,146.16240719272017,296.7623041028577,5,6,1,15
66,degraded,370,low,18.21026957677366,75.46103991334695,9,8,3,5
5,critical,350,low,70.90851135972167,123.07092642441337,7,11,4,12
29,degraded,779,medium,91.50104360049819,149.21373941992482,8,13,1,8
37,healthy,996,high,216.75840227905366,50.024491235815,1,4,6,10
38,degraded,770,high,13.332817256453442,33.501197034866465,2,5,5,14
83,healthy,978,high,128.5454057564483,250.61963123327106,8,5,1,5
8,critical,458,high,277.9677924234625,293.27036812,9,4,6,2
65,critical,852,high,42.445378799245916,127.37026851060101,4,4,1,3
86,healthy,844,low,159.7630725833972,35.41845249644945,9,4,2,15
17,critical,189,medium,238.09149089334565,29.08541060026718,4,4,2,6
71,degraded,711,low,283.33407918083384,268.48227984448664,9,4,1,11
89,healthy,416,high,226.56522546477822,144.5061324210272,7,5,7,11
45,critical,675,high,218.96400910687777,102.80792180309365,2,2,3,5
4,healthy,205,high,249.6815461567711,148.17376865942586,9,2,2,11
36,degraded,475,high,139.39835408348767,102.30818746078073,4,9,7,4
70,degraded,320,medium,243.6949144591716,151.8203748392098,8,2,7,4
31,critical,271,high,12.309677376180826,259.27135510620167,7,6,5,5
19,degraded,428,medium,278.1227060592734,181.76739760800774,7,2,6,2
61,healthy,415,high,138.55888775998085,211.44959411495086,8,5,4,9
54,degraded,948,medium,170.4802544810668,115.7544961079576,1,4,2,2
39,healthy,152,low,83.91585218531587,224.16670476805044,5,12,1,10
91,healthy,351,high,225.33394152372222,203.318954615018,2,7,3,2
74,degraded,325,medium,32.224383877822156,44.67297934809637,2,15,4,10
90,critical,110,low,263.06438273858225,176.06642740351953,1,7,6,14
19,degraded,253,high,250.1538804118394,84.45561392982982,5,13,7,9
39,healthy,499,high,72.65743371098225,243.1877441937419,2,6,6,14
67,healthy,21,high,244.70407550272608,133.52193545541246,4,10,2,3
45,degraded,248,medium,238.04374258782963,298.4584079069813,3,5,6,15
13,critical,570,medium,193.34281334864522,36.825127002299496,3,1,6,10
92,critical,51,low,118.32085130090938,236.30088019464597,2,12,3,7
58,healthy,687,medium,88.73463871274168,205.37350272722537,6,15,7,4
20,healthy,603,medium,77.21724118391151,232.5746608713046,2,3,3,13
92,critical,438,high,102.39659920144608,99.18364069223233,8,9,3,13
72,degraded,812,high,272.0319485954338,152.69580192089617,8,15,1,6
61,healthy,167,high,32.51582503674657,240.98747071987543,5,14,6,14
39,healthy,225,high,250.372670113358,77.43698617004794,7,1,6,4
1,critical,679,high,111.17812176212884,75.5496270687091,4,5,6,10
3,degraded,471,high,161.26382484329386,169.80477645553037,1,2,5,15
77,critical,143,high,240.4008337580623,161.83343806365818,2,4,3,7
92,degraded,76,low,266.4691986366617,91.85611641975052,4,14,4,1
62,degraded,857,low,109.98661182106763,96.4419386521986,1,14,2,3
63,degraded,16,low,143.934609569782,90.575097329904,8,11,7,13
25,healthy,957,low,130.20965879686975,233.73849797956143,9,1,4,3
56,critical,535,high,13.84279971613406,199.05125101311359,4,3,7,1
33,critical,82,low,95.82343776901041,251.4009831889733,3,10,1,6
38,degraded,408,high,143.16487778244291,292.8871782110663,2,7,1,15
6,healthy,414,low,129.21714657532755,147.50764591887605,5,10,7,13
58,healthy,684,medium,219.35947597954703,29.341225607580167,3,15,6,11
44,critical,587,low,121.59304899411994,23.946770019490273,7,3,4,14
45,healthy,868,low,151.91917020149435,95.74286138876955,6,4,6,9
32,healthy,139,high,134.5864917183854,280.43793091221073,1,2,5,8
45,degraded,940,low,224.78158317936746,161.7317859415537,8,3,1,11
61,healthy,475,medium,260.2619957062191,88.81808966323746,2,9,1,7
47,degraded,215,high,164.2478329121791,125.75837040819567,5,3,4,10
21,critical,797,high,238.93533631660543,183.59258114735454,9,11,1,8
80,healthy,987,low,96.06813778575668,199.35540085997425,8,5,5,6
85,critical,777,high,166.99718694560792,54.636657837042456,2,2,5,9
75,critical,275,high,110.11668656429201,293.33918619810106,9,4,5,3
36,healthy,546,high,130.11826841583078,167.98394582500876,5,12,2,15
99,healthy,971,high,222.4000207956739,49.349612159760994,6,13,5,10
19,critical,802,high,265.6821198764867,269.1542234703788,3,7,5,10
20,healthy,262,high,45.23366341545197,31.64514501303435,3,14,2,9
57,degraded,831,medium,194.04538438134034,273.2432756214787,8,7,6,4
18,degraded,298,low,178.82170419756156,299.0040403238049,2,12,3,7
47,healthy,173,medium,44.34036136102024,213.12522175538612,2,3,1,15
49,critical,104,high,71.44935582763163,233.42969411145702,5,5,5,13
14,healthy,791,high,100.19072347247727,107.81782257557104,6,1,1,9
15,healthy,842,low,58.41001053707543,283.0572872928408,2,10,4,2
31,critical,119,medium,80.68154993205911,163.61705017142663,5,10,1,2
1,critical,345,low,87.60423166989519,222.3926495132909,7,10,7,9
54,degraded,831,medium,107.34541158132728,277.99123761427103,8,11,6,12
3,critical,247,high,227.3232313123361,292.80219303289743,7,1,2,13
16,degraded,390,low,175.8545391166742,251.62926341303557,8,5,1,3
87,critical,445,low,296.0115348659064,97.8750770247887,9,13,1,9
57,healthy,908,high,130.2733898205666,290.2987798001039,5,10,1,13
75,degraded,492,low,228.62087141270825,192.1546640606358,5,9,3,15
12,degraded,946,medium,262.7258421991948,279.8863181420684,4,1,3,5
74,degraded,911,medium,206.90376298103214,206.07045748616204,9,1,4,6
96,healthy,34,medium,129.44077472107384,99.09929893583895,5,4,2,2
16,healthy,662,medium,228.54244291626836,117.30711200141663,2,4,1,8
72,healthy,126,high,69.06346995407861,169.63681535985273,8,2,1,11
76,healthy,491,low,104.9901279022384,239.1043040523658,7,9,1,9
24,healthy,401,medium,168.53872397879374,102.21493988869713,8,14,1,2
28,degraded,926,high,176.868722312983,178.1220381789157,3,9,3,6
8,healthy,973,low,16.421027887062543,110.23124813715644,4,13,6,6
92,degraded,546,low,284.08311473924255,246.57312734418107,5,13,6,8
36,healthy,88,high,212.02190865304308,145.35114719270564,6,2,4,10
90,critical,589,high,153.7540875672484,32.24961978733671,1,14,7,12
8,degraded,182,medium,280.60689797840945,58.15523122964555,4,9,5,5
58,critical,965,low,137.33771392274025,27.720353609693365,5,15,2,9
60,degraded,21,low,294.3263153784078,154.79785434415433,7,6,6,1
50,critical,809,high,158.5625796006107,40.83781623098588,5,8,7,9
28,healthy,137,low,43.14287329941404,43.10059109979331,1,10,1,10
92,healthy,617,medium,231.7922820131904,282.90399541112936,7,13,6,7
41,healthy,101,low,206.88034027257376,263.0699709310561,8,15,4,4
64,degraded,662,high,234.16614917862017,141.10511307529615,7,13,5,3
27,critical,552,high,285.9181883304475,295.8835430465597,4,4,6,14
63,healthy,855,medium,235.18189776879527,10.054093169492303,8,2,4,10
17,critical,541,medium,187.2876146428276,188.0540423192842,5,2,3,15
73,critical,667,low,258.6195816846439,188.76417143784232,9,9,5,11
33,healthy,998,low,205.24146741281416,142.65848620226757,5,1,4,14
84,healthy,837,high,128.3545264795177,125.11491215094493,1,12,7,6
77,critical,456,medium,266.8297316301142,142.06110928937622,9,7,6,12
92,healthy,399,medium,74.35113362746813,130.33852646310734,5,11,3,13
29,healthy,681,medium,217.24596972353,221.8428184698668,6,14,7,1
13,healthy,870,low,265.6534019328195,49.253076142252375,4,3,4,3
46,degraded,52,medium,222.0817907139559,67.31537397142775,6,3,4,2
35,critical,263,high,212.2098715256185,62.35028623380284,8,2,7,11
6,critical,139,high,228.26510528083244,86.11646968516672,3,14,6,13
82,degraded,69,low,144.86602200718687,162.32494144665915,5,10,5,9
69,critical,672,low,263.50949782553755,42.25053672808343,2,6,3,3
47,healthy,476,medium,68.99657778946644,261.7690956446862,2,13,1,13
25,critical,296,low,46.94206064009839,96.23484407945698,7,10,2,2
66,healthy,526,high,92.79754623436835,57.13601636592527,6,2,5,4
10,degraded,476,medium,164.157445064748,205.93017978349056,4,10,3,15
56,healthy,939,high,158.06292066870805,21.04502717380259,5,15,7,14
30,critical,787,medium,247.9736397262101,189.7908838135076,1,4,4,2
5,critical,354,low,127.32491035716505,212.47754489618492,7,10,7,1
33,critical,651,medium,150.4598836245375,72.32579410214856,8,9,3,6
65,degraded,391,medium,13.876628145224734,22.169581298653945,9,9,7,15
18,degraded,788,high,128.82437856845235,115.45715408664039,8,6,7,10
96,critical,699,high,197.85452755559922,38.59232677016158,5,13,2,8
49,healthy,262,medium,14.497415881711733,43.77857640526775,3,4,6,10
11,degraded,936,low,91.4557699040107,83.73575711901073,9,7,2,10
85,critical,65,low,70.30734419392309,95.6856981417602,6,14,1,2
26,critical,472,high,22.175774383780585,163.69139889621198,5,1,1,14
63,degraded,466,low,148.98542607521588,206.7336467958738,3,12,2,9
89,degraded,992,high,62.699755036165385,181.9035728523536,6,4,5,15
86,degraded,92,low,225.49364649310024,53.024497813959876,3,5,5,13
59,healthy,914,medium,255.89908629137105,59.90494941126167,6,8,7,3
27,healthy,108,high,168.21970297405286,264.8430824399452,4,12,7,8
49,critical,158,high,294.69512933113106,171.92217136859296,2,2,4,12
77,degraded,338,medium,140.63878572647263,262.2819715403298,8,12,1,8
33,healthy,165,high,158.8767809652255,117.74848828276357,4,5,4,15
98,degraded,199,low,296.87314864774754,188.17600215508392,9,6,1,3
99,critical,503,low,77.14904642986416,161.86239065583712,7,5,2,3
1,healthy,892,high,283.3383225063025,102.54581204793415,2,15,5,12
21,healthy,272,low,22.42289098454284,146.27545788974265,4,13,7,15
55,healthy,89,high,139.45219817632648,155.7223542798103,5,9,5,6
6,critical,409,medium,30.301018518589075,68.22358267943679,3,10,2,1
92,degraded,773,high,221.47807544495646,101.35300798925216,9,1,4,4
81,healthy,618,medium,186.43859140520516,239.5088276470229,5,14,4,1
69,critical,269,low,214.92393640560294,275.57858944169686,2,3,3,14
95,degraded,781,medium,118.59931599072492,114.34028712813684,3,14,7,3
5,critical,624,low,117.14976086910029,99.02196184061528,9,2,7,9
3,degraded,561,high,23.142590898659435,66.60717772584593,7,12,7,14
53,critical,794,low,111.48403246359554,206.76243890866857,2,13,1,14
23,degraded,110,high,279.49363665599725,103.69891348323782,9,3,4,5
53,healthy,368,high,119.9756957823302,296.44736633876465,4,10,2,12
37,degraded,389,medium,251.0966348043713,104.44859259854644,9,9,4,5
74,critical,829,medium,254.27439637748088,124.29945356696216,2,13,5,11
74,critical,230,medium,118.23993534997781,184.9669169014901,4,14,1,4
83,degraded,829,medium,193.27671731489482,242.48844502547843,5,9,7,3
17,healthy,429,low,37.657764659187,146.16041295023376,2,10,6,5
85,healthy,133,low,40.066788412940184,132.57024979879793,1,2,3,15
78,degraded,431,low,24.110722461896863,298.7349717424944,7,14,1,14
73,degraded,240,high,178.49437707878175,13.04315593058389,1,3,5,11
1,critical,699,low,133.56058351156815,269.5689337668613,8,14,7,4
51,healthy,72,low,168.92938343262963,53.250839522523854,3,4,5,8
45,degraded,494,low,161.1112252474325,237.91833010058488,6,9,5,4
77,healthy,637,medium,111.55886741631178,189.2001523554264,7,3,7,11
4,degraded,712,low,206.46729029880714,109.1357127944467,1,13,5,12
62,degraded,583,high,229.9655454657533,263.4237371010953,6,7,2,8
65,healthy,777,medium,14.242195074525958,13.743096114487674,7,12,3,6
32,degraded,492,high,70.1002669329747,75.74028910172787,6,3,6,15
34,degraded,528,low,216.83840174416767,174.39891091236544,4,7,5,14
92,critical,164,medium,122.11985006381191,111.94725541441242,1,7,5,12
95,degraded,101,high,202.12034461306638,187.00947364231502,9,9,4,11
72,degraded,991,low,110.61917132302194,16.99195608851338,4,2,3,5
39,degraded,535,high,123.31899417559475,43.77308983969663,7,13,1,4
26,critical,464,high,56.016873370008625,46.85790966334738,7,6,3,4
34,healthy,750,high,84.8869957031864,64.89225731564274,2,9,3,12
54,critical,607,low,185.5694096772003,143.20611783215742,1,12,7,4
3,critical,654,low,135.61730228139825,228.11732286763564,8,15,7,11
50,healthy,519,high,234.5477780539326,272.60626299938133,8,12,7,13
12,critical,192,medium,257.2496369321194,252.25803378243137,7,15,6,13
65,healthy,395,medium,167.07746128286036,67.09748281494824,8,2,3,9
54,critical,583,low,229.89751469625716,137.93366014688337,3,2,6,4
5,healthy,740,low,99.0023088264253,67.82936334997515,2,13,5,12
94,degraded,414,low,130.34165246602268,86.69682683348532,7,14,7,9
94,critical,255,low,216.70552610288098,156.02862463844698,8,5,5,13
57,critical,751,low,122.0014779169389,29.751617169821536,1,10,7,10
17,critical,600,medium,180.66643119610677,73.27055558204924,9,10,2,6
47,critical,670,low,63.758105933928334,281.259666779064,4,12,6,10
23,degraded,659,high,183.9336813414444,145.1737248709618,4,10,6,13
79,critical,480,high,259.8389750957991,139.16209253358295,3,8,1,7
85,degraded,835,medium,261.9054955487934,14.22447487787088,6,11,4,12
14,degraded,897,high,220.0598778355665,81.74592664692028,1,15,3,10
66,degraded,432,medium,226.26847993207656,261.22480643483254,6,9,1,3
75,degraded,910,medium,171.7989590937032,57.74224419501394,2,2,6,8
51,healthy,74,high,179.55374614808917,130.3862324650691,9,5,1,3
38,healthy,22,low,48.75866860905022,14.155962701430363,2,14,2,1
64,critical,222,high,138.71916464217733,148.7172896844612,7,7,4,13
98,healthy,995,high,140.7251223270455,16.096120950602973,1,15,6,13
38,healthy,251,medium,287.96437234364464,247.68677038908197,7,6,6,10
50,critical,502,high,135.01519016075395,249.20759257126005,5,6,3,12
98,critical,222,medium,169.30936702179972,238.44523460768727,8,7,7,5
82,critical,702,low,164.64290579093972,92.17557997842428,4,3,4,2
30,healthy,347,low,194.6608979428549,252.79879328432725,7,13,2,10
79,healthy,182,low,226.9875210862498,167.4694584555281,6,3,5,14
91,critical,681,high,75.26214408955292,118.40435157143071,5,10,1,6
51,degraded,173,medium,163.33008153854635,191.34568831422757,4,9,3,13
63,critical,474,low,249.51613512164883,13.578903357508462,7,14,6,10
98,degraded,506,medium,144.30326701287834,51.458654504218124,5,8,5,9
52,degraded,709,medium,90.75268844833617,225.2651260693762,5,5,2,1
38,critical,404,low,199.86563185332673,80.80686652768436,1,6,4,14
97,critical,712,low,248.89254478174564,183.42264402533738,2,11,1,13
88,critical,926,medium,28.310684948943482,121.6797548186786,5,12,3,4
79,healthy,317,low,235.26924018809586,257.8936758517858,3,10,6,15
30,degraded,777,medium,248.27790055891364,286.20043873902665,2,1,6,1
51,healthy,192,medium,143.84164900069598,266.2337712273552,4,10,5,1
81,healthy,638,low,295.15864047735556,88.47979846114303,4,12,5,8
5,critical,803,high,238.14541880511965,66.30723202336387,4,1,1,14
29,healthy,519,low,234.36214381974307,147.58611915001313,4,4,4,14
4,critical,717,high,226.8731865795008,12.12690374249228,3,2,2,13
10,degraded,555,medium,53.67634993329946,17.4847239303227,7,11,7,14
56,critical,573,medium,72.99695707137313,170.45428549067003,9,7,4,11
17,healthy,633,high,144.55713812468326,160.93032720793292,5,2,4,15
74,healthy,773,medium,86.56126148824511,298.4287768202254,4,10,4,2
17,critical,603,high,130.41988197687175,68.53413225548985,2,2,7,1
84,critical,753,high,267.654591877647,84.85013945653584,2,5,1,11
88,healthy,236,medium,249.05479864498807,42.92678627462314,5,4,7,8
69,degraded,754,high,192.71156475919486,276.08747279958595,7,8,1,4
34,degraded,742,low,258.85491433282004,235.5652608929507,9,4,7,3
6,critical,445,low,237.29399281500227,248.47834232248576,7,14,2,13
53,degraded,934,medium,134.40563023385823,271.8014985097075,5,12,4,12
66,healthy,431,medium,68.30889409448409,162.2209961504931,6,6,1,4
77,critical,563,high,159.11830160270836,140.84602552070987,3,5,7,14
43,healthy,30,high,223.50637593327954,105.81352736302878,5,11,2,11
75,healthy,563,high,136.56168363158196,180.87223816087808,8,14,7,5
23,degraded,406,high,203.3638538373302,141.74073506904853,1,2,6,1
55,critical,634,low,37.354953624402654,140.95402011561677,1,11,2,15
80,critical,114,low,226.921373547707,281.7090804820303,7,15,4,14
95,degraded,201,medium,245.68694976898797,295.36913914094777,5,13,3,11
75,healthy,26,high,214.98297817635694,240.9804729055784,5,12,4,1
16,healthy,129,high,290.506440382646,229.4598461716092,1,14,3,3
8,healthy,402,medium,249.72909666358572,207.36186691593943,9,8,2,6
4,healthy,434,high,271.8971810841961,58.16170717671898,1,2,6,1
4,critical,138,high,280.73561420271795,27.14068805393981,5,9,6,14
56,critical,139,high,242.3909176434045,210.3106313828463,9,15,1,11
25,degraded,581,high,205.53506418188474,221.34800445440703,4,9,6,12
67,degraded,569,high,11.658388594628894,23.622167418460542,8,3,5,15
96,critical,38,medium,145.08946843470616,279.13500756636597,6,4,2,2
67,critical,106,high,175.6370666004847,36.43078543895649,3,8,1,15
27,healthy,19,medium,98.16877900991989,92.91115479364869,4,9,6,12
93,healthy,251,high,102.2502896020069,204.9930457116243,2,3,2,14
32,degraded,835,low,288.7362305559479,59.26305237729814,1,5,4,7
50,critical,965,low,268.5961509087963,26.070607648250885,8,11,6,14
61,degraded,241,low,256.2619115954942,106.03248185760344,1,15,7,14
51,critical,798,low,127.74342249477208,232.13175670800194,1,8,3,1
19,healthy,293,medium,13.972579618585218,129.9668169057255,4,3,2,13
21,degraded,724,medium,33.26445147215708,199.3621473533024,6,7,1,14
5,degraded,768,high,100.53694678310507,178.08953819615962,9,11,4,15
82,critical,811,low,14.565444768746325,16.44335978741832,1,8,5,7
92,healthy,785,medium,14.973436755407453,296.67659624325495,7,10,4,15
42,degraded,964,high,275.8149574762992,22.01414575762245,5,11,6,4
61,healthy,735,high,214.78596561452568,290.66279391806063,8,14,3,10
22,degraded,209,medium,99.59723711976427,169.46061172567548,7,3,4,14
21,healthy,954,low,48.46692750427642,289.3161178488693,4,2,5,6
70,critical,88,high,158.37435818957238,43.27854383001228,4,10,7,14
1,degraded,922,low,11.550386647765693,152.21847056379883,6,13,1,8
5,degraded,965,low,282.1399857188618,59.15618664115701,6,7,2,9
12,healthy,864,low,130.29638462279468,24.7827143365083,9,12,3,6
90,healthy,865,high,126.6771370188265,189.08344336807036,5,9,5,12
46,degraded,182,low,123.27214619871684,70.25719207889051,8,1,6,11
34,critical,476,high,30.10521581245178,180.43213530338832,5,3,6,13
49,healthy,590,low,195.1134495396297,42.58569976520583,2,5,6,15
78,healthy,425,high,222.5710496922225,106.2760767154838,6,3,3,14
90,healthy,949,low,206.07636530060418,236.67344183544168,9,1,4,9
45,degraded,458,medium,50.14629306552435,136.74494133423443,3,15,3,4
27,degraded,96,low,177.86364873032184,192.04617032022756,1,7,6,6
73,degraded,110,low,175.15050040995362,197.76280281620834,1,7,7,8
26,degraded,17,high,261.8391285030008,254.68896275631516,3,10,5,9
47,critical,854,high,119.94702092893763,104.22761037792597,5,12,2,3
86,critical,209,low,117.73092366123592,209.3157131489301,3,8,2,2
56,degraded,514,medium,189.3728470282738,288.86858404338807,9,5,3,6
94,critical,96,medium,193.5910695148588,221.77056696378173,8,10,6,4
63,healthy,52,high,146.0927159244792,152.06243824814592,3,12,1,1
48,healthy,394,medium,138.48721507582212,192.9080589026595,9,5,7,8
61,healthy,630,low,153.30282448498596,224.50804035130136,6,5,3,9
81,degraded,444,high,259.70313685596045,187.559972051223,7,1,6,14
26,healthy,417,low,143.7384013636339,14.835985912053355,4,10,4,9
36,critical,492,high,282.5802196712485,66.4843143292955,4,5,2,2
1,degraded,673,high,156.16109144293455,245.03578299248514,2,6,2,9
8,critical,26,high,285.2682010224585,89.06868772062056,5,15,7,7
99,healthy,654,high,251.52125154203196,222.15301467272883,8,13,2,5
52,healthy,157,medium,115.10508355859044,117.91486242009262,7,12,1,7
79,healthy,286,low,260.45601217601865,161.34645516580352,7,1,6,13
47,degraded,241,low,41.91835241832341,29.712256947627072,6,11,6,9
56,critical,835,low,278.2636808494742,62.55541270441577,3,7,7,8
86,degraded,936,high,193.17661937403858,287.587119420578,5,1,6,6
14,degraded,375,medium,25.773317071470245,268.14003549960506,1,11,7,13
90,healthy,237,low,196.83444985873535,199.15978216072457,7,2,6,4
28,degraded,660,medium,292.53181970197926,143.29693324186383,9,2,1,13
87,degraded,445,high,30.242189838242385,205.9707749396149,1,5,5,15
78,healthy,408,low,170.85943583622503,189.39698383724232,2,14,3,1
88,degraded,220,medium,226.860361430218,174.8801541253375,3,10,3,6
2,healthy,400,high,244.97499014286407,27.161350840427126,3,13,6,3
26,healthy,508,medium,130.0099649430308,193.512757091837,8,7,4,6
14,healthy,549,low,69.20830215879047,232.98681292563882,7,1,2,6
59,healthy,572,low,22.27926084399131,298.2836798472169,6,10,1,14
56,degraded,500,high,178.1205855581952,13.212780252349805,4,1,4,4
7,healthy,451,high,141.34421037760714,221.7503014600962,9,1,4,2
3,healthy,270,high,285.1358745934162,175.81890162143435,1,6,6,15
23,degraded,782,medium,27.575423237323836,135.87513106347745,2,2,1,9
18,degraded,359,medium,208.76464959934165,46.995350625697554,4,1,3,2
38,critical,361,medium,17.240204414816578,128.6346931041141,3,6,2,3
99,degraded,529,high,59.71591124605739,112.76938306597924,1,14,3,10
15,degraded,329,low,141.5379099776219,97.82066780383524,5,2,4,1
64,critical,147,low,141.91300841283177,221.95509076344024,7,6,2,7
89,degraded,559,medium,208.85315745075673,213.2104011724365,2,10,5,15
28,degraded,632,medium,273.96178011164943,180.81582638446434,5,8,4,1
74,degraded,377,low,195.31932608532705,282.21279585507796,6,2,3,11
39,degraded,229,low,286.52517837693756,111.4577714124478,7,11,3,9
57,critical,346,medium,265.66853556461933,80.70256193595208,1,9,6,11
17,degraded,232,medium,179.50494070392918,200.21196079853587,7,8,3,11
86,degraded,657,low,251.79966576645992,67.65607767184684,4,12,1,1
90,critical,777,high,196.34750699385387,101.35304708319313,8,10,4,5
44,healthy,369,medium,32.781770967880874,75.1347076217166,4,1,7,7
25,critical,930,low,224.7637697452579,30.054534638365357,6,7,7,3
17,healthy,338,low,37.5234479675304,249.9746350743453,9,14,2,9
13,critical,971,low,182.2840063652166,83.81675744728174,5,13,3,8
84,critical,472,low,213.76565969888637,147.177975969476,4,10,6,13
25,degraded,955,high,29.293006381148018,22.561429243750467,8,6,6,15
68,healthy,972,low,76.93044963869421,212.8084452132665,9,14,3,3
10,degraded,570,medium,275.54494735587843,105.86269066882434,4,6,1,15
67,healthy,813,high,188.73120274753995,225.97365107047088,3,6,6,5
18,critical,391,low,81.42294545505416,129.59688753568116,8,6,7,7
86,critical,845,high,210.2971336329219,66.76912585763114,5,10,2,12
34,healthy,599,medium,183.06516178888998,158.8207738617904,2,7,4,14
8,degraded,626,low,155.45695297620503,47.846322294857536,9,12,5,4
40,degraded,178,medium,293.0942227465443,137.7563563631685,3,3,1,5
83,degraded,226,low,208.20159544817759,102.0185884519411,2,14,6,3
42,degraded,387,low,118.87792180369468,274.4682794178936,1,6,4,9
41,critical,128,low,242.02129530229172,27.669329299008783,8,3,5,10
6,critical,199,low,266.52915494714443,211.2650500906652,3,7,3,9
52,critical,776,low,46.31396225988111,62.997838136356414,7,7,3,7
26,critical,379,high,68.16036357512729,102.52307155634955,1,8,2,10